{
   "dashboards": [{
      "autoswitchEnabled": false,
      "columnCount": 1,
      "columnProportion": "1-1",
      "creationTime": 1636128942213,
      "dashboardNavigations": {},
      "description": "",
      "disabled": false,
      "gridsterMaxColumns": 12,
      "hidden": false,
      "homeTab": false,
      "id": "00fe8d2a-9878-4f27-8738-ce18fa661c1e",
      "importAttempts": 0,
      "importComplete": true,
      "lastUpdateTime": 1637004919836,
      "lastUpdateUserId": "287ed085-c6ca-4255-b69c-956f1665ed51",
      "locked": false,
      "name": "Optimize Value: Virtual Machine Snapshot Cost",
      "rank": 0,
      "shared": false,
      "states": [],
      "temporary": false,
      "userId": "287ed085-c6ca-4255-b69c-956f1665ed51",
      "widgetInteractions": [
         {
            "type": "resourceId",
            "widgetIdProvider": "aacfef0a-7d02-4f74-a8e7-602890b646f8",
            "widgetIdReceiver": "94a52481-6857-4642-8167-618b32328963"
         },
         {
            "type": "resourceId",
            "widgetIdProvider": "aacfef0a-7d02-4f74-a8e7-602890b646f8",
            "widgetIdReceiver": "f4a025e3-885f-4f39-b1c6-ba84ddc5cd55"
         },
         {
            "type": "resourceId",
            "widgetIdProvider": "a4f9b5a1-f7ee-4254-ab13-23761cdf2cab",
            "widgetIdReceiver": "f4a025e3-885f-4f39-b1c6-ba84ddc5cd55"
         },
         {
            "type": "resourceId",
            "widgetIdProvider": "43fcc0e9-b1d9-4e5b-b071-af11d64188b7",
            "widgetIdReceiver": "f4a025e3-885f-4f39-b1c6-ba84ddc5cd55"
         },
         {
            "type": "resourceId",
            "widgetIdProvider": "7bc15a2e-3d36-4041-9a73-cea8603e1bd1",
            "widgetIdReceiver": "f4a025e3-885f-4f39-b1c6-ba84ddc5cd55"
         }
      ],
      "widgets": [
         {
            "collapsed": false,
            "config": {
               "chartViewItems": [
                  "legend",
                  "labels",
                  "title"
               ],
               "isUpdatedView": true,
               "refreshContent": {"refreshContent": false},
               "refreshInterval": 300,
               "resource": {
                  "id": "Ext.vcops.chrome.model.Resource-2",
                  "resourceId": "resource:id:0_::_",
                  "resourceKindId": "002006VMWAREvSphere World",
                  "resourceName": "vSphere World",
                  "traversalSpecId": ""
               },
               "selectFirstRow": {"selectFirstRow": false},
               "selfProvider": {"selfProvider": true},
               "title": "VMs by Snapshot Storage Usage",
               "traversalSpecId": null,
               "viewDefinitionId": "452715ef-d719-4746-9cb4-3accec4bcfda"
            },
            "gridsterCoords": {
               "h": 7,
               "w": 4,
               "x": 1,
               "y": 7
            },
            "height": 381,
            "id": "aacfef0a-7d02-4f74-a8e7-602890b646f8",
            "title": "VMs by Snapshot Storage Usage",
            "type": "View"
         },
         {
            "collapsed": false,
            "config": {
               "chartViewItems": [],
               "isUpdatedView": true,
               "refreshContent": {"refreshContent": false},
               "refreshInterval": 300,
               "resource": {
                  "id": "Ext.vcops.chrome.model.Resource-21",
                  "resourceId": "resource:id:0_::_",
                  "resourceKindId": "002006VMWAREvSphere World",
                  "resourceName": "vSphere World",
                  "traversalSpecId": ""
               },
               "selectFirstRow": {"selectFirstRow": true},
               "selfProvider": {"selfProvider": true},
               "title": "VM Snapshot Details",
               "traversalSpecId": null,
               "viewDefinitionId": "42e3bbb4-15b2-4355-a4cd-7a483901bc45"
            },
            "gridsterCoords": {
               "h": 11,
               "w": 12,
               "x": 1,
               "y": 14
            },
            "height": 609,
            "id": "94a52481-6857-4642-8167-618b32328963",
            "states": [
               {
                  "key": "permPageSize_widget_00fe8d2a-9878-4f27-8738-ce18fa661c1e_94a52481-6857-4642-8167-618b32328963",
                  "value": "n%3A50"
               },
               {
                  "key": "perm_toolbarVisible_widget_00fe8d2a-9878-4f27-8738-ce18fa661c1e_94a52481-6857-4642-8167-618b32328963",
                  "value": "b%3A1"
               },
               {
                  "key": "permSelectedDate_widget_00fe8d2a-9878-4f27-8738-ce18fa661c1e_94a52481-6857-4642-8167-618b32328963",
                  "value": "s%3A%7B%22minType%22%3A%22.TimeIntervalControl%22%2C%22advancedTimeMode%22%3Afalse%2C%22fromTime%22%3Anull%2C%22unit%22%3A%22DAYS%22%2C%22count%22%3A7%2C%22priorUnit%22%3Anull%2C%22priorCount%22%3Anull%2C%22startSubUnit%22%3Anull%2C%22startPeriod%22%3Anull%2C%22toTime%22%3Anull%2C%22endUnit%22%3Anull%2C%22endCount%22%3Anull%2C%22endSubUnit%22%3Anull%2C%22endPeriod%22%3Anull%2C%22isRealTimeData%22%3Anull%2C%22mondayHours%22%3A%5B%5D%2C%22tuesdayHours%22%3A%5B%5D%2C%22wednesdayHours%22%3A%5B%5D%2C%22thursdayHours%22%3A%5B%5D%2C%22fridayHours%22%3A%5B%5D%2C%22saturdayHours%22%3A%5B%5D%2C%22sundayHours%22%3A%5B%5D%7D"
               }
            ],
            "title": "VM Snapshot Details",
            "type": "View"
         },
         {
            "collapsed": false,
            "config": {
               "chartViewItems": [
                  "legend",
                  "labels",
                  "title"
               ],
               "isUpdatedView": true,
               "refreshContent": {"refreshContent": false},
               "refreshInterval": 300,
               "resource": {
                  "id": "Ext.vcops.chrome.model.Resource-9",
                  "resourceId": "resource:id:0_::_",
                  "resourceKindId": "002006VMWAREvSphere World",
                  "resourceName": "vSphere World",
                  "traversalSpecId": ""
               },
               "selectFirstRow": {"selectFirstRow": false},
               "selfProvider": {"selfProvider": true},
               "title": "VMs by Snapshot Age",
               "traversalSpecId": null,
               "viewDefinitionId": "93b46e49-2100-43ef-8091-2c9a6dc3798e"
            },
            "gridsterCoords": {
               "h": 7,
               "w": 4,
               "x": 5,
               "y": 7
            },
            "height": 381,
            "id": "a4f9b5a1-f7ee-4254-ab13-23761cdf2cab",
            "title": "VMs by Snapshot Age",
            "type": "View"
         },
         {
            "collapsed": false,
            "config": {
               "boxColumns": 1,
               "boxHeight": null,
               "customFilter": {
                  "excludedResources": null,
                  "filter": [],
                  "includedResources": null
               },
               "depth": 1,
               "labelSize": 16,
               "maxCellCount": 100,
               "metric": {
                  "mode": "resourceKind",
                  "resourceKindMetrics": [
                     {
                        "colorMethod": 1,
                        "handleOldColoring": false,
                        "id": "extModel26952-1",
                        "isStringMetric": false,
                        "link": "",
                        "metricKey": "diskspace|snapshot",
                        "metricName": "Disk Space|Snapshot Space",
                        "metricUnitId": -1,
                        "orangeBound": null,
                        "redBound": null,
                        "resourceKindId": "resourceKind:id:0_::_",
                        "resourceKindName": "Virtual Machine",
                        "unit": "Auto",
                        "yellowBound": null
                     },
                     {
                        "colorMethod": 1,
                        "handleOldColoring": false,
                        "id": "extModel26952-2",
                        "isStringMetric": false,
                        "link": "",
                        "metricKey": "diskspace|snapshot|snapshotAge",
                        "metricName": "Disk Space|Snapshot|Age (Days)",
                        "orangeBound": null,
                        "redBound": null,
                        "resourceKindId": "resourceKind:id:0_::_",
                        "resourceKindName": "Virtual Machine",
                        "yellowBound": null
                     },
                     {
                        "colorMethod": 1,
                        "handleOldColoring": false,
                        "id": "extModel2654-1",
                        "isStringMetric": false,
                        "link": "",
                        "metricKey": "Super Metric|sm_03e543c9-78f2-4bd4-8e7a-37d19238b912",
                        "metricName": "Super Metrics|MM - VM Cost of Reclaimable Snapshot Space",
                        "metricUnitId": -1,
                        "orangeBound": null,
                        "redBound": null,
                        "resourceKindId": "resourceKind:id:0_::_",
                        "resourceKindName": "Virtual Machine",
                        "unit": "Auto",
                        "yellowBound": null
                     }
                  ],
                  "resourceMetrics": [],
                  "subMode": "resourceKindAll"
               },
               "mode": {"layoutMode": "fixedView"},
               "oldMetricValues": false,
               "periodLength": null,
               "refreshContent": {"refreshContent": false},
               "refreshInterval": 300,
               "relationshipMode": {"relationshipMode": 0},
               "resInteractionMode": null,
               "resource": [],
               "roundDecimals": null,
               "selfProvider": {"selfProvider": false},
               "showDT": {"showDT": false},
               "showMetricName": {"showMetricName": true},
               "showMetricUnit": {"showMetricUnit": true},
               "showResourceName": {"showResourceName": false},
               "showSparkline": {"showSparkline": false},
               "title": "Snapshot Details",
               "valueSize": 24,
               "visualTheme": 3
            },
            "gridsterCoords": {
               "h": 7,
               "w": 4,
               "x": 9,
               "y": 7
            },
            "height": 381,
            "id": "f4a025e3-885f-4f39-b1c6-ba84ddc5cd55",
            "title": "Snapshot Details",
            "type": "Scoreboard"
         },
         {
            "collapsed": false,
            "config": {
               "additionalColumns": [],
               "barsCount": 10,
               "customFilter": {
                  "excludedResources": null,
                  "filter": [],
                  "includedResources": null
               },
               "depth": 10,
               "filterMode": "tagPicker",
               "filterOldMetrics": {"filterOldMetrics": false},
               "maxValue": null,
               "metric": {
                  "metricKey": "diskspace|snapshot",
                  "name": "Disk Space|Snapshot Space (GB)"
               },
               "metricName": "",
               "metricUnit": {
                  "metricUnitId": -1,
                  "metricUnitName": "Auto"
               },
               "mode": "all",
               "percentileValue": null,
               "refreshContent": {"refreshContent": false},
               "refreshInterval": 300,
               "regenerationTime": 15,
               "relationshipMode": {"relationshipMode": [
                  -1,
                  0
               ]},
               "resource": [],
               "resourceKind": [{"id": "resourceKind:id:0_::_"}],
               "roundDecimals": 1,
               "selfProvider": {"selfProvider": true},
               "tagFilter": null,
               "title": "Top Ten Largest VM Snapshots",
               "topOption": "metricsHighestUtilization"
            },
            "gridsterCoords": {
               "h": 6,
               "w": 6,
               "x": 1,
               "y": 1
            },
            "height": 324,
            "id": "43fcc0e9-b1d9-4e5b-b071-af11d64188b7",
            "states": [{
               "key": "perm_toolbarVisible_widget_00fe8d2a-9878-4f27-8738-ce18fa661c1e_43fcc0e9-b1d9-4e5b-b071-af11d64188b7",
               "value": "b%3A1"
            }],
            "title": "Top Ten Largest VM Snapshots",
            "type": "ParetoAnalysis"
         },
         {
            "collapsed": false,
            "config": {
               "additionalColumns": [],
               "barsCount": 10,
               "customFilter": {
                  "excludedResources": null,
                  "filter": [],
                  "includedResources": null
               },
               "depth": 10,
               "filterMode": "tagPicker",
               "filterOldMetrics": {"filterOldMetrics": false},
               "maxValue": null,
               "metric": {
                  "metricKey": "Super Metric|sm_03e543c9-78f2-4bd4-8e7a-37d19238b912",
                  "name": "Super Metrics|MM - VM Cost of Reclaimable Snapshot Space (US$/Month)"
               },
               "metricName": "",
               "metricUnit": {
                  "metricUnitId": "currencymonth",
                  "metricUnitName": "US$/Month"
               },
               "mode": "all",
               "percentileValue": null,
               "refreshContent": {"refreshContent": false},
               "refreshInterval": 300,
               "regenerationTime": 15,
               "relationshipMode": {"relationshipMode": [
                  -1,
                  0
               ]},
               "resource": [],
               "resourceKind": [{"id": "resourceKind:id:0_::_"}],
               "roundDecimals": 2,
               "selfProvider": {"selfProvider": true},
               "tagFilter": null,
               "title": "Top Ten Costliest VM Snapshots",
               "topOption": "metricsHighestUtilization"
            },
            "gridsterCoords": {
               "h": 6,
               "w": 6,
               "x": 7,
               "y": 1
            },
            "height": 324,
            "id": "7bc15a2e-3d36-4041-9a73-cea8603e1bd1",
            "states": [{
               "key": "perm_toolbarVisible_widget_00fe8d2a-9878-4f27-8738-ce18fa661c1e_7bc15a2e-3d36-4041-9a73-cea8603e1bd1",
               "value": "b%3A1"
            }],
            "title": "Top Ten Costliest VM Snapshots",
            "type": "ParetoAnalysis"
         }
      ]
   }],
   "entries": {
      "resource": [{
         "adapterKindKey": "VMWARE",
         "identifiers": [],
         "internalId": "resource:id:0_::_",
         "name": "vSphere World",
         "resourceKindKey": "vSphere World"
      }],
      "resourceKind": [{
         "adapterKindKey": "VMWARE",
         "internalId": "resourceKind:id:0_::_",
         "resourceKindKey": "VirtualMachine"
      }]
   },
   "uuid": "77c34d61-ef57-4b8a-86ff-7ab916e0ad46"
}